account_id,reputation,user_id,user_type,profile_image,display_name,link
27369165,37,20875484,registered,https://www.gravatar.com/avatar/9a01812cc757e5ec4b7ba75ed8ef400f?s=256&d=identicon&r=PG,KurtA,https://stackoverflow.com/users/20875484/kurta
126672,15462,323332,registered,https://www.gravatar.com/avatar/a4261c8ea5f441c0fe75878d84097c78?s=256&d=identicon&r=PG,Richard,https://stackoverflow.com/users/323332/richard
514072,20475,1473517,registered,https://i.stack.imgur.com/Rd3qU.png?s=256&g=1,Simd,https://stackoverflow.com/users/1473517/simd
1703956,20793,1563422,registered,https://i.stack.imgur.com/SU0xt.jpg?s=256&g=1,Danny Beckett,https://stackoverflow.com/users/1563422/danny-beckett
5990694,917,4706859,registered,https://i.stack.imgur.com/8Ttqb.png?s=256&g=1,SR_,https://stackoverflow.com/users/4706859/sr
1161070,4534,1631510,registered,https://www.gravatar.com/avatar/4230c5d1c2c2446b9a19e0b2bcc32909?s=256&d=identicon&r=PG,danidemi,https://stackoverflow.com/users/1631510/danidemi
27645064,1,21101152,registered,https://www.gravatar.com/avatar/1116d7eaae97021de822469449a269d8?s=256&d=identicon&r=PG,KJDASHGDKJSA,https://stackoverflow.com/users/21101152/kjdashgdkjsa
24893102,91,18764743,registered,https://www.gravatar.com/avatar/5079a905d0d54ee853ddc343ab567f81?s=256&d=identicon&r=PG&f=y&so-version=2,Diallo Francis Patrick,https://stackoverflow.com/users/18764743/diallo-francis-patrick
7889535,2254,5960218,registered,https://i.stack.imgur.com/RALdK.png?s=256&g=1,axl-code,https://stackoverflow.com/users/5960218/axl-code
19699,55688,46387,registered,https://www.gravatar.com/avatar/f21bda50069eba70879c3204a6788315?s=256&d=identicon&r=PG,Ben Blank,https://stackoverflow.com/users/46387/ben-blank
20782830,21,15262800,registered,https://lh3.googleusercontent.com/a-/AOh14GjC7u9IDnQM79HiXmzehGIbUlAvkQzbjQijLRSNOQ=k-s256,Benito,https://stackoverflow.com/users/15262800/benito
30738303,11,23570557,registered,https://lh3.googleusercontent.com/a/ACg8ocI0EKh3WZ1f86eeoS0P-Alll5VzLWpIZFWvy7t-_spp9w=k-s256,Sans,https://stackoverflow.com/users/23570557/sans
7332691,3,5585056,registered,https://www.gravatar.com/avatar/15c536827e2b8216fc030ba7a0d4a53c?s=256&d=identicon&r=PG&f=y&so-version=2,FTU,https://stackoverflow.com/users/5585056/ftu
30618548,41,23471461,registered,https://lh3.googleusercontent.com/a/ACg8ocKOE7wVjLPs5-rJgu7QC0rI0mU3_BuXWT-n5gPf8n4K9A=k-s256,Alphonsio,https://stackoverflow.com/users/23471461/alphonsio
27726879,13,21166241,registered,https://www.gravatar.com/avatar/1d16e5b5671fa626d297db33aedcd5e3?s=256&d=identicon&r=PG,bigpython,https://stackoverflow.com/users/21166241/bigpython
8652941,95,6478045,registered,https://www.gravatar.com/avatar/12c0421c96e463955d9ce51987c550a1?s=256&d=identicon&r=PG&f=y&so-version=2,made leod,https://stackoverflow.com/users/6478045/made-leod
15800218,15,11400950,registered,https://www.gravatar.com/avatar/cdc4bd0fef3ae38da4ddb6c87983ee2d?s=256&d=identicon&r=PG&f=y&so-version=2,Vaks,https://stackoverflow.com/users/11400950/vaks
30740357,1,23572232,registered,https://lh3.googleusercontent.com/a/ACg8ocLTHe9nm__ucDHrXUxzP89n-V-xDaRlnfM-ZYMyWrMl=k-s256,ClementG71,https://stackoverflow.com/users/23572232/clementg71
49039,4364,145888,registered,https://www.gravatar.com/avatar/a5c48ce2226e65800a67961b2fafc1c0?s=256&d=identicon&r=PG,David Zhao,https://stackoverflow.com/users/145888/david-zhao
14735746,109,10641841,registered,https://www.gravatar.com/avatar/57092d3b8cf5931fcb6202e84d37ae5f?s=256&d=identicon&r=PG&f=y&so-version=2,Jayit Ghosh,https://stackoverflow.com/users/10641841/jayit-ghosh
30740360,1,23572236,registered,https://lh3.googleusercontent.com/a/ACg8ocLuX4XKbdrWCLkXTwGwTZdkdcT927e03RAu1X7Rh2hS=k-s256,Zhelyn,https://stackoverflow.com/users/23572236/zhelyn
24124514,21,18093082,registered,https://www.gravatar.com/avatar/19d333222b9193ca335de2189252cc5d?s=256&d=identicon&r=PG,Full Lifetime,https://stackoverflow.com/users/18093082/full-lifetime
30735760,1,23568506,registered,https://lh3.googleusercontent.com/a/ACg8ocIQ9qJqijnBjCRQ8AeEoNMiuITkVqh7zu7PpyhDOC5G0CY=k-s256,user23568506,https://stackoverflow.com/users/23568506/user23568506
27285311,412,20804576,registered,https://www.gravatar.com/avatar/29bc52452cebeec61b03027747d77627?s=256&d=identicon&r=PG,taat,https://stackoverflow.com/users/20804576/taat
30739959,1,23571911,registered,https://www.gravatar.com/avatar/0a2af491b16b2f7832253c8c59e469b5?s=256&d=identicon&r=PG&f=y&so-version=2,TheFortyTwo,https://stackoverflow.com/users/23571911/thefortytwo
30654341,1,23500015,registered,https://lh3.googleusercontent.com/a/ACg8ocKtqnjFIP5OTqBV5rwp-6ki4hu4FnwdPA_E7EGk_z5Pzwk=k-s256,Nick Austin,https://stackoverflow.com/users/23500015/nick-austin
348495,21954,4196578,registered,https://i.stack.imgur.com/7Vy7c.png?s=256&g=1,thor,https://stackoverflow.com/users/4196578/thor
6884112,23,5289841,registered,https://graph.facebook.com/972662166126084/picture?type=large,Timofey Konshin,https://stackoverflow.com/users/5289841/timofey-konshin
27646841,95,21102541,registered,https://lh3.googleusercontent.com/a/AEdFTp6kJPJ1Nn6vVFAfnnjSkGAdIRP8jCLIXndELJIG=k-s256,Ash Gharibyan,https://stackoverflow.com/users/21102541/ash-gharibyan
28182661,11,21539418,registered,https://lh3.googleusercontent.com/a/AGNmyxYmvFv6BXgUPJarWqDayoW5qesbxzgN_5opjbla=k-s256,Dmitry Iordanov,https://stackoverflow.com/users/21539418/dmitry-iordanov
